order_id,customer_id,product_id,quantity,price,order_date,status
ORD_00001,CUST_0164,PROD_008,1,372.07,2025-05-08,pending
ORD_00002,CUST_0058,PROD_009,4,339.97,2025-05-28,completed
ORD_00003,CUST_0152,PROD_028,2,19.75,2025-07-22,pending
ORD_00004,CUST_0060,PROD_033,20,18.14,2025-11-26,pending
ORD_00005,CUST_0184,PROD_042,18,212.66,2026-01-29,refunded
ORD_00006,CUST_0151,PROD_018,1,380.61,2025-11-12,pending
ORD_00007,CUST_0179,PROD_028,11,142.55,2025-11-03,pending
ORD_00008,CUST_0196,PROD_022,4,50.91,2025-06-18,completed
ORD_00009,CUST_0092,PROD_023,20,135.94,2025-09-10,completed
ORD_00010,CUST_0187,PROD_030,18,66.79,2025-06-15,refunded
ORD_00011,CUST_0021,PROD_036,10,415.56,2025-10-04,cancelled
ORD_00012,CUST_0148,PROD_013,3,27.68,2026-04-20,pending
ORD_00013,CUST_0198,PROD_019,3,428.38,2025-08-01,completed
ORD_00014,CUST_0098,PROD_018,15,319.66,2026-04-22,cancelled
ORD_00015,CUST_0042,PROD_024,12,108.71,2025-09-14,cancelled
ORD_00016,CUST_0180,PROD_044,3,306.52,2025-07-02,pending
ORD_00017,CUST_0137,PROD_047,8,85.88,2026-02-21,refunded
ORD_00018,CUST_0070,PROD_041,18,113.71,2025-09-20,cancelled
ORD_00019,CUST_0197,PROD_050,2,118.38,2025-05-23,completed
ORD_00020,CUST_0081,PROD_026,9,37.76,2026-02-09,cancelled
ORD_00021,CUST_0055,PROD_042,16,200.84,2026-04-23,refunded
ORD_00022,CUST_0037,PROD_017,5,127.08,2025-12-28,cancelled
ORD_00023,CUST_0192,PROD_038,14,449.42,2026-03-30,refunded
ORD_00024,CUST_0093,PROD_015,5,257.22,2025-07-16,completed
ORD_00025,CUST_0194,PROD_004,4,80.66,2026-02-01,pending
ORD_00026,CUST_0175,PROD_028,20,36.45,2025-11-16,refunded
ORD_00027,CUST_0153,PROD_030,17,129.45,2025-06-20,completed
ORD_00028,CUST_0175,PROD_047,4,342.45,2025-07-14,cancelled
ORD_00029,CUST_0197,PROD_042,11,60.22,2026-03-01,refunded
ORD_00030,CUST_0041,PROD_030,1,477.14,2026-02-28,cancelled
ORD_00031,CUST_0129,PROD_049,6,256.3,2025-12-24,completed
ORD_00032,CUST_0161,PROD_020,17,306.44,2026-03-05,pending
ORD_00033,CUST_0096,PROD_049,6,271.99,2026-03-10,completed
ORD_00034,CUST_0154,PROD_021,16,14.64,2025-05-16,cancelled
ORD_00035,CUST_0079,PROD_016,2,124.23,2025-10-02,completed
ORD_00036,CUST_0022,PROD_047,16,408.93,2025-06-13,pending
ORD_00037,CUST_0033,PROD_043,16,473.69,2025-11-23,pending
ORD_00038,CUST_0068,PROD_034,20,214.45,2025-11-17,pending
ORD_00039,CUST_0139,PROD_049,7,357.91,2026-03-15,refunded
ORD_00040,CUST_0172,PROD_042,12,221.86,2026-04-19,refunded
ORD_00041,CUST_0031,PROD_016,8,36.69,2025-08-07,completed
ORD_00042,CUST_0151,PROD_036,8,296.28,2025-07-07,completed
ORD_00043,CUST_0019,PROD_046,2,118.33,2025-05-20,completed
ORD_00044,CUST_0085,PROD_005,17,122.81,2025-07-17,refunded
ORD_00045,CUST_0055,PROD_035,5,363.06,2026-04-01,refunded
ORD_00046,CUST_0063,PROD_031,14,99.25,2025-10-19,completed
ORD_00047,CUST_0169,PROD_028,12,214.67,2025-10-28,refunded
ORD_00048,CUST_0187,PROD_004,4,35.0,2025-07-28,cancelled
ORD_00049,CUST_0028,PROD_016,7,99.15,2026-03-18,refunded
ORD_00050,CUST_0036,PROD_028,6,142.88,2025-07-07,pending
ORD_00051,CUST_0020,PROD_029,18,53.46,2026-04-12,completed
ORD_00052,CUST_0024,PROD_049,8,87.32,2025-09-10,refunded
ORD_00053,CUST_0124,PROD_014,13,451.71,2025-11-17,pending
ORD_00054,CUST_0098,PROD_001,13,136.28,2026-04-03,refunded
ORD_00055,CUST_0074,PROD_028,18,332.63,2025-07-26,refunded
ORD_00056,CUST_0040,PROD_013,10,112.76,2025-12-15,completed
ORD_00057,CUST_0149,PROD_048,18,35.17,2025-09-01,cancelled
ORD_00058,CUST_0015,PROD_004,19,241.01,2025-08-23,pending
ORD_00059,CUST_0015,PROD_033,3,426.41,2025-10-24,completed
ORD_00060,CUST_0153,PROD_005,8,204.87,2026-03-24,pending
ORD_00061,CUST_0149,PROD_039,2,311.59,2026-02-12,refunded
ORD_00062,CUST_0169,PROD_038,19,263.78,2026-04-21,cancelled
ORD_00063,CUST_0053,PROD_043,11,123.15,2025-07-04,refunded
ORD_00064,CUST_0034,PROD_043,10,231.33,2026-01-31,completed
ORD_00065,CUST_0003,PROD_030,20,499.23,2025-11-14,completed
ORD_00066,CUST_0019,PROD_035,7,255.41,2025-09-19,pending
ORD_00067,CUST_0090,PROD_005,8,187.92,2026-01-18,pending
ORD_00068,CUST_0113,PROD_035,10,307.78,2026-02-28,completed
ORD_00069,CUST_0171,PROD_036,10,466.22,2025-11-09,completed
ORD_00070,CUST_0035,PROD_017,4,445.41,2026-03-24,pending
ORD_00071,CUST_0070,PROD_019,20,109.26,2025-06-20,cancelled
ORD_00072,CUST_0053,PROD_044,9,255.18,2025-06-24,cancelled
ORD_00073,CUST_0014,PROD_006,14,415.53,2025-08-06,completed
ORD_00074,CUST_0001,PROD_022,5,320.37,2025-10-16,cancelled
ORD_00075,CUST_0042,PROD_048,15,278.08,2025-08-05,refunded
ORD_00076,CUST_0144,PROD_001,4,42.25,2025-07-27,pending
ORD_00077,CUST_0140,PROD_003,12,293.34,2025-10-17,pending
ORD_00078,CUST_0111,PROD_009,2,157.59,2025-09-22,completed
ORD_00079,CUST_0092,PROD_014,8,335.13,2025-07-09,cancelled
ORD_00080,CUST_0200,PROD_036,14,487.05,2025-11-22,pending
ORD_00081,CUST_0061,PROD_011,6,441.3,2026-03-12,completed
ORD_00082,CUST_0046,PROD_048,11,392.28,2025-06-10,refunded
ORD_00083,CUST_0172,PROD_048,8,137.07,2026-04-25,completed
ORD_00084,CUST_0098,PROD_003,16,115.1,2025-05-18,refunded
ORD_00085,CUST_0090,PROD_020,8,115.35,2025-07-17,pending
ORD_00086,CUST_0103,PROD_022,9,432.85,2025-06-30,cancelled
ORD_00087,CUST_0090,PROD_042,17,202.84,2025-09-19,cancelled
ORD_00088,CUST_0008,PROD_008,9,93.39,2025-09-20,cancelled
ORD_00089,CUST_0010,PROD_007,20,220.11,2025-09-14,cancelled
ORD_00090,CUST_0112,PROD_039,17,62.24,2025-08-09,pending
ORD_00091,CUST_0066,PROD_003,14,5.84,2026-01-19,pending
ORD_00092,CUST_0094,PROD_028,3,474.69,2025-12-28,cancelled
ORD_00093,CUST_0160,PROD_021,4,361.28,2025-11-04,cancelled
ORD_00094,CUST_0130,PROD_020,14,166.46,2025-11-18,cancelled
ORD_00095,CUST_0142,PROD_009,7,213.12,2025-06-30,refunded
ORD_00096,CUST_0174,PROD_048,6,309.68,2025-07-15,cancelled
ORD_00097,CUST_0104,PROD_036,1,155.42,2026-04-28,pending
ORD_00098,CUST_0111,PROD_038,20,329.08,2026-02-06,refunded
ORD_00099,CUST_0114,PROD_029,7,258.03,2025-11-14,pending
ORD_00100,CUST_0169,PROD_006,10,260.15,2025-07-23,cancelled
ORD_00101,CUST_0024,PROD_049,8,338.03,2025-07-01,pending
ORD_00102,CUST_0051,PROD_010,1,27.88,2025-05-05,refunded
ORD_00103,CUST_0157,PROD_050,3,230.43,2025-11-24,pending
ORD_00104,CUST_0184,PROD_045,13,249.72,2026-03-23,pending
ORD_00105,CUST_0038,PROD_042,1,446.87,2026-03-27,completed
ORD_00106,CUST_0200,PROD_028,8,92.06,2025-05-21,refunded
ORD_00107,CUST_0013,PROD_036,8,459.15,2025-07-22,completed
ORD_00108,CUST_0117,PROD_009,15,335.45,2025-12-31,cancelled
ORD_00109,CUST_0194,PROD_029,20,408.43,2026-04-23,refunded
ORD_00110,CUST_0141,PROD_029,6,373.11,2026-04-21,refunded
ORD_00111,CUST_0116,PROD_017,8,420.73,2025-08-26,cancelled
ORD_00112,CUST_0197,PROD_050,17,244.88,2025-11-04,pending
ORD_00113,CUST_0071,PROD_029,3,358.2,2025-11-11,pending
ORD_00114,CUST_0070,PROD_022,11,447.05,2025-09-28,completed
ORD_00115,CUST_0036,PROD_010,8,194.6,2025-08-14,pending
ORD_00116,CUST_0181,PROD_014,3,210.36,2026-04-29,cancelled
ORD_00117,CUST_0139,PROD_030,14,35.82,2026-01-27,refunded
ORD_00118,CUST_0100,PROD_050,19,473.3,2025-07-07,completed
ORD_00119,CUST_0196,PROD_037,13,241.1,2026-03-14,cancelled
ORD_00120,CUST_0077,PROD_049,13,427.46,2025-11-01,refunded
ORD_00121,CUST_0138,PROD_048,18,400.93,2026-04-19,pending
ORD_00122,CUST_0125,PROD_015,9,220.74,2026-03-21,completed
ORD_00123,CUST_0100,PROD_022,13,363.47,2025-10-30,refunded
ORD_00124,CUST_0033,PROD_040,18,18.35,2025-07-20,refunded
ORD_00125,CUST_0152,PROD_037,1,46.55,2026-02-20,refunded
ORD_00126,CUST_0035,PROD_030,6,29.89,2025-09-15,refunded
ORD_00127,CUST_0084,PROD_014,15,166.79,2026-04-22,refunded
ORD_00128,CUST_0072,PROD_049,14,129.87,2026-04-16,completed
ORD_00129,CUST_0121,PROD_002,18,30.78,2025-12-31,cancelled
ORD_00130,CUST_0058,PROD_042,3,391.71,2026-04-21,completed
ORD_00131,CUST_0194,PROD_002,8,103.68,2026-02-19,completed
ORD_00132,CUST_0160,PROD_010,8,67.48,2025-07-30,completed
ORD_00133,CUST_0145,PROD_014,15,351.24,2026-04-12,cancelled
ORD_00134,CUST_0043,PROD_039,20,482.05,2026-02-24,completed
ORD_00135,CUST_0200,PROD_011,10,58.51,2025-10-31,completed
ORD_00136,CUST_0080,PROD_037,13,201.34,2026-02-09,pending
ORD_00137,CUST_0020,PROD_038,8,55.44,2025-12-18,cancelled
ORD_00138,CUST_0176,PROD_039,4,399.13,2025-10-17,completed
ORD_00139,CUST_0089,PROD_035,14,332.45,2025-11-15,completed
ORD_00140,CUST_0130,PROD_042,11,11.26,2026-02-04,refunded
ORD_00141,CUST_0126,PROD_007,14,480.59,2025-05-20,refunded
ORD_00142,CUST_0182,PROD_010,14,92.19,2026-01-05,cancelled
ORD_00143,CUST_0158,PROD_035,16,235.11,2025-06-01,cancelled
ORD_00144,CUST_0083,PROD_016,3,143.07,2026-04-29,refunded
ORD_00145,CUST_0063,PROD_049,15,287.08,2025-07-22,refunded
ORD_00146,CUST_0087,PROD_002,16,426.22,2025-05-16,pending
ORD_00147,CUST_0125,PROD_014,12,399.93,2025-06-25,cancelled
ORD_00148,CUST_0072,PROD_039,9,280.12,2025-12-06,pending
ORD_00149,CUST_0022,PROD_016,14,246.85,2026-01-18,pending
ORD_00150,CUST_0177,PROD_031,16,226.85,2026-04-25,completed
ORD_00151,CUST_0024,PROD_019,8,205.18,2025-08-07,pending
ORD_00152,CUST_0079,PROD_043,19,187.67,2026-01-31,cancelled
ORD_00153,CUST_0109,PROD_048,18,168.74,2025-08-27,refunded
ORD_00154,CUST_0070,PROD_020,9,119.12,2025-07-27,pending
ORD_00155,CUST_0081,PROD_008,18,475.68,2025-08-13,pending
ORD_00156,CUST_0050,PROD_014,16,141.87,2025-11-03,cancelled
ORD_00157,CUST_0026,PROD_013,10,117.6,2026-02-11,pending
ORD_00158,CUST_0078,PROD_001,18,67.66,2025-12-09,completed
ORD_00159,CUST_0014,PROD_036,10,350.22,2026-02-18,pending
ORD_00160,CUST_0164,PROD_049,16,55.78,2026-04-28,completed
ORD_00161,CUST_0147,PROD_019,16,241.96,2025-05-09,cancelled
ORD_00162,CUST_0048,PROD_004,9,470.83,2026-03-01,refunded
ORD_00163,CUST_0030,PROD_005,13,248.41,2025-08-24,completed
ORD_00164,CUST_0039,PROD_010,19,474.82,2026-03-07,completed
ORD_00165,CUST_0064,PROD_008,18,383.4,2026-03-12,pending
ORD_00166,CUST_0199,PROD_034,13,228.0,2025-12-05,refunded
ORD_00167,CUST_0077,PROD_038,14,156.16,2026-03-24,completed
ORD_00168,CUST_0157,PROD_048,4,474.06,2026-03-27,pending
ORD_00169,CUST_0161,PROD_014,9,331.91,2025-09-04,pending
ORD_00170,CUST_0062,PROD_012,18,42.16,2025-07-19,completed
ORD_00171,CUST_0105,PROD_029,20,237.61,2025-12-07,completed
ORD_00172,CUST_0060,PROD_019,10,352.98,2026-01-27,refunded
ORD_00173,CUST_0019,PROD_044,8,462.34,2026-04-23,pending
ORD_00174,CUST_0109,PROD_008,18,116.28,2025-12-11,pending
ORD_00175,CUST_0069,PROD_010,3,34.52,2026-01-01,cancelled
ORD_00176,CUST_0153,PROD_048,19,460.99,2025-10-28,refunded
ORD_00177,CUST_0032,PROD_030,10,351.37,2026-03-06,cancelled
ORD_00178,CUST_0129,PROD_035,16,221.69,2025-07-19,completed
ORD_00179,CUST_0111,PROD_048,11,303.84,2026-01-12,completed
ORD_00180,CUST_0024,PROD_015,19,295.63,2025-11-13,completed
ORD_00181,CUST_0196,PROD_044,9,290.24,2026-02-05,pending
ORD_00182,CUST_0121,PROD_034,15,458.46,2026-03-28,pending
ORD_00183,CUST_0150,PROD_028,16,484.68,2025-09-03,refunded
ORD_00184,CUST_0090,PROD_027,11,163.92,2025-12-05,completed
ORD_00185,CUST_0042,PROD_022,14,348.37,2025-08-11,cancelled
ORD_00186,CUST_0170,PROD_026,18,23.17,2026-03-07,completed
ORD_00187,CUST_0081,PROD_017,11,62.38,2025-11-25,refunded
ORD_00188,CUST_0132,PROD_001,18,233.68,2025-05-21,completed
ORD_00189,CUST_0049,PROD_034,12,313.2,2026-03-21,refunded
ORD_00190,CUST_0161,PROD_029,2,105.76,2025-06-22,pending
ORD_00191,CUST_0074,PROD_029,16,65.11,2026-02-08,pending
ORD_00192,CUST_0182,PROD_011,10,277.67,2025-05-06,refunded
ORD_00193,CUST_0024,PROD_015,4,233.42,2025-11-08,completed
ORD_00194,CUST_0166,PROD_010,16,466.66,2026-01-17,cancelled
ORD_00195,CUST_0131,PROD_046,9,210.67,2025-07-08,refunded
ORD_00196,CUST_0121,PROD_016,15,277.88,2025-11-12,refunded
ORD_00197,CUST_0049,PROD_039,17,374.41,2025-08-10,pending
ORD_00198,CUST_0018,PROD_018,14,173.24,2025-12-26,cancelled
ORD_00199,CUST_0001,PROD_019,10,419.55,2026-01-18,refunded
ORD_00200,CUST_0039,PROD_029,18,244.75,2025-12-13,cancelled
ORD_00201,CUST_0142,PROD_049,18,191.72,2025-06-26,cancelled
ORD_00202,CUST_0049,PROD_045,8,288.04,2025-05-26,pending
ORD_00203,CUST_0199,PROD_027,2,162.5,2026-03-02,refunded
ORD_00204,CUST_0181,PROD_025,13,494.26,2026-04-16,pending
ORD_00205,CUST_0127,PROD_003,5,253.63,2026-04-22,cancelled
ORD_00206,CUST_0026,PROD_029,4,265.35,2026-02-28,refunded
ORD_00207,CUST_0004,PROD_047,5,207.94,2026-02-19,pending
ORD_00208,CUST_0020,PROD_031,9,172.59,2025-09-12,refunded
ORD_00209,CUST_0167,PROD_006,11,426.91,2025-11-21,refunded
ORD_00210,CUST_0082,PROD_041,16,436.83,2025-08-25,completed
ORD_00211,CUST_0159,PROD_005,8,317.42,2025-06-12,cancelled
ORD_00212,CUST_0059,PROD_048,3,219.82,2025-12-30,completed
ORD_00213,CUST_0195,PROD_041,4,224.62,2026-03-03,cancelled
ORD_00214,CUST_0008,PROD_003,11,399.09,2025-10-06,cancelled
ORD_00215,CUST_0092,PROD_024,14,77.06,2026-01-30,refunded
ORD_00216,CUST_0145,PROD_044,6,89.14,2025-08-18,completed
ORD_00217,CUST_0157,PROD_025,20,343.15,2025-12-31,refunded
ORD_00218,CUST_0150,PROD_010,8,233.27,2025-06-24,cancelled
ORD_00219,CUST_0118,PROD_017,1,449.96,2025-07-14,refunded
ORD_00220,CUST_0074,PROD_044,18,83.2,2025-12-22,refunded
ORD_00221,CUST_0089,PROD_038,10,321.27,2025-12-24,refunded
ORD_00222,CUST_0177,PROD_017,15,423.43,2025-10-27,pending
ORD_00223,CUST_0099,PROD_031,4,122.42,2025-09-11,cancelled
ORD_00224,CUST_0148,PROD_019,10,15.86,2025-12-23,refunded
ORD_00225,CUST_0071,PROD_001,19,433.21,2026-04-30,completed
ORD_00226,CUST_0156,PROD_048,16,417.26,2026-02-12,cancelled
ORD_00227,CUST_0199,PROD_015,20,401.96,2026-03-24,pending
ORD_00228,CUST_0163,PROD_013,20,129.06,2025-11-10,pending
ORD_00229,CUST_0161,PROD_007,2,157.92,2025-10-20,refunded
ORD_00230,CUST_0009,PROD_038,12,367.52,2025-05-28,completed
ORD_00231,CUST_0076,PROD_021,14,91.94,2025-10-30,pending
ORD_00232,CUST_0139,PROD_024,17,253.39,2026-03-07,cancelled
ORD_00233,CUST_0043,PROD_017,16,483.86,2025-10-16,cancelled
ORD_00234,CUST_0192,PROD_022,4,236.82,2025-08-10,completed
ORD_00235,CUST_0037,PROD_049,8,430.77,2025-05-28,refunded
ORD_00236,CUST_0143,PROD_024,3,396.39,2026-03-08,completed
ORD_00237,CUST_0068,PROD_035,4,230.12,2025-08-03,cancelled
ORD_00238,CUST_0150,PROD_025,12,58.63,2026-04-30,pending
ORD_00239,CUST_0121,PROD_002,20,442.7,2025-11-08,cancelled
ORD_00240,CUST_0157,PROD_015,3,319.52,2026-03-02,refunded
ORD_00241,CUST_0180,PROD_020,14,62.75,2026-03-08,completed
ORD_00242,CUST_0010,PROD_020,16,62.48,2025-10-10,pending
ORD_00243,CUST_0138,PROD_009,13,229.55,2025-06-16,refunded
ORD_00244,CUST_0151,PROD_048,5,443.28,2025-05-12,completed
ORD_00245,CUST_0126,PROD_040,14,469.83,2025-10-13,cancelled
ORD_00246,CUST_0009,PROD_045,12,112.55,2026-02-02,refunded
ORD_00247,CUST_0061,PROD_024,4,490.56,2025-10-13,cancelled
ORD_00248,CUST_0140,PROD_042,12,34.97,2026-02-17,cancelled
ORD_00249,CUST_0049,PROD_008,15,50.38,2025-06-17,pending
ORD_00250,CUST_0165,PROD_041,20,485.69,2026-01-06,completed
ORD_00251,CUST_0086,PROD_016,5,394.55,2025-06-08,pending
ORD_00252,CUST_0018,PROD_049,18,107.54,2025-09-10,pending
ORD_00253,CUST_0060,PROD_022,5,395.38,2025-06-22,completed
ORD_00254,CUST_0071,PROD_010,5,272.41,2026-02-05,pending
ORD_00255,CUST_0029,PROD_043,1,70.24,2026-03-25,cancelled
ORD_00256,CUST_0061,PROD_038,11,12.81,2025-10-01,cancelled
ORD_00257,CUST_0014,PROD_009,14,265.41,2026-01-27,completed
ORD_00258,CUST_0122,PROD_029,12,259.05,2026-04-03,completed
ORD_00259,CUST_0116,PROD_033,8,472.98,2026-04-13,completed
ORD_00260,CUST_0187,PROD_043,17,154.31,2026-03-17,completed
ORD_00261,CUST_0016,PROD_031,13,216.01,2026-01-05,completed
ORD_00262,CUST_0126,PROD_046,15,41.38,2026-03-09,completed
ORD_00263,CUST_0083,PROD_039,5,37.51,2025-05-06,cancelled
ORD_00264,CUST_0160,PROD_041,19,276.44,2025-09-18,cancelled
ORD_00265,CUST_0098,PROD_039,17,150.97,2025-09-12,refunded
ORD_00266,CUST_0026,PROD_045,4,427.13,2026-03-04,pending
ORD_00267,CUST_0111,PROD_029,8,209.84,2026-04-04,refunded
ORD_00268,CUST_0103,PROD_027,4,159.71,2025-11-17,cancelled
ORD_00269,CUST_0171,PROD_017,12,477.03,2025-09-05,refunded
ORD_00270,CUST_0018,PROD_006,3,51.15,2026-01-11,completed
ORD_00271,CUST_0191,PROD_048,12,406.83,2025-09-27,completed
ORD_00272,CUST_0151,PROD_036,18,168.17,2025-10-02,completed
ORD_00273,CUST_0106,PROD_023,14,434.71,2025-10-17,completed
ORD_00274,CUST_0074,PROD_039,10,179.06,2026-04-25,pending
ORD_00275,CUST_0040,PROD_043,16,116.0,2025-11-15,completed
ORD_00276,CUST_0090,PROD_036,12,61.87,2026-05-03,cancelled
ORD_00277,CUST_0147,PROD_015,14,423.35,2025-08-11,completed
ORD_00278,CUST_0156,PROD_043,9,19.33,2025-11-05,cancelled
ORD_00279,CUST_0180,PROD_049,10,461.16,2026-03-15,cancelled
ORD_00280,CUST_0002,PROD_012,5,285.33,2025-12-11,refunded
ORD_00281,CUST_0018,PROD_010,1,50.42,2025-10-26,pending
ORD_00282,CUST_0097,PROD_027,15,173.74,2025-10-14,cancelled
ORD_00283,CUST_0080,PROD_047,11,389.53,2025-08-30,completed
ORD_00284,CUST_0014,PROD_010,6,378.45,2025-09-11,completed
ORD_00285,CUST_0173,PROD_006,9,224.34,2026-03-26,refunded
ORD_00286,CUST_0125,PROD_039,15,210.02,2025-09-26,pending
ORD_00287,CUST_0194,PROD_033,4,175.86,2025-10-08,completed
ORD_00288,CUST_0073,PROD_044,19,245.88,2025-11-10,cancelled
ORD_00289,CUST_0012,PROD_015,13,492.3,2025-05-11,completed
ORD_00290,CUST_0002,PROD_014,10,472.94,2025-05-23,pending
ORD_00291,CUST_0196,PROD_017,10,167.42,2025-10-31,completed
ORD_00292,CUST_0128,PROD_048,14,91.97,2025-07-08,refunded
ORD_00293,CUST_0137,PROD_046,8,252.63,2025-11-13,cancelled
ORD_00294,CUST_0019,PROD_026,2,220.93,2025-06-08,refunded
ORD_00295,CUST_0020,PROD_021,19,217.5,2026-04-10,refunded
ORD_00296,CUST_0182,PROD_041,14,148.31,2025-11-30,refunded
ORD_00297,CUST_0006,PROD_021,6,401.65,2025-12-23,refunded
ORD_00298,CUST_0177,PROD_024,3,221.17,2026-04-20,completed
ORD_00299,CUST_0063,PROD_028,19,203.22,2026-01-05,completed
ORD_00300,CUST_0102,PROD_020,11,114.68,2026-03-21,pending
ORD_00301,CUST_0020,PROD_033,4,267.65,2026-02-14,pending
ORD_00302,CUST_0199,PROD_023,12,365.05,2026-04-09,pending
ORD_00303,CUST_0061,PROD_007,5,131.7,2025-10-01,pending
ORD_00304,CUST_0155,PROD_010,3,92.69,2025-08-23,refunded
ORD_00305,CUST_0119,PROD_049,19,381.14,2025-08-29,refunded
ORD_00306,CUST_0175,PROD_037,20,164.99,2025-11-21,cancelled
ORD_00307,CUST_0039,PROD_029,3,237.12,2025-05-26,cancelled
ORD_00308,CUST_0071,PROD_038,2,179.21,2025-10-11,completed
ORD_00309,CUST_0080,PROD_030,15,23.62,2026-02-25,cancelled
ORD_00310,CUST_0074,PROD_005,3,309.43,2026-04-21,refunded
ORD_00311,CUST_0119,PROD_038,18,477.34,2026-03-06,completed
ORD_00312,CUST_0116,PROD_037,7,164.16,2025-11-30,refunded
ORD_00313,CUST_0129,PROD_010,2,228.01,2025-09-22,cancelled
ORD_00314,CUST_0183,PROD_006,17,324.83,2026-02-06,completed
ORD_00315,CUST_0064,PROD_046,15,495.54,2025-10-03,pending
ORD_00316,CUST_0094,PROD_024,10,196.77,2025-06-01,cancelled
ORD_00317,CUST_0174,PROD_039,2,395.67,2025-05-31,cancelled
ORD_00318,CUST_0017,PROD_022,4,281.19,2026-01-27,refunded
ORD_00319,CUST_0073,PROD_017,20,437.27,2026-04-21,cancelled
ORD_00320,CUST_0021,PROD_038,5,458.79,2025-07-02,cancelled
ORD_00321,CUST_0168,PROD_045,13,68.83,2025-09-05,completed
ORD_00322,CUST_0080,PROD_036,13,323.53,2025-07-05,cancelled
ORD_00323,CUST_0033,PROD_043,17,51.26,2025-11-24,refunded
ORD_00324,CUST_0131,PROD_024,1,184.49,2025-07-17,pending
ORD_00325,CUST_0055,PROD_022,16,100.04,2025-11-07,pending
ORD_00326,CUST_0040,PROD_005,10,422.99,2025-12-25,completed
ORD_00327,CUST_0130,PROD_050,18,418.38,2025-09-15,completed
ORD_00328,CUST_0170,PROD_022,20,69.87,2025-08-14,refunded
ORD_00329,CUST_0040,PROD_011,6,416.52,2026-02-17,pending
ORD_00330,CUST_0185,PROD_029,2,208.38,2025-10-31,pending
ORD_00331,CUST_0114,PROD_040,10,377.43,2025-10-24,refunded
ORD_00332,CUST_0060,PROD_035,8,158.19,2025-08-15,refunded
ORD_00333,CUST_0050,PROD_024,19,492.3,2026-03-04,refunded
ORD_00334,CUST_0197,PROD_019,13,253.94,2025-08-04,refunded
ORD_00335,CUST_0042,PROD_013,20,73.51,2026-01-29,cancelled
ORD_00336,CUST_0014,PROD_042,16,437.69,2025-08-20,completed
ORD_00337,CUST_0183,PROD_034,4,146.11,2025-08-04,pending
ORD_00338,CUST_0070,PROD_029,17,77.94,2026-03-01,refunded
ORD_00339,CUST_0024,PROD_015,15,442.89,2025-10-16,completed
ORD_00340,CUST_0107,PROD_004,13,253.49,2025-08-06,pending
ORD_00341,CUST_0099,PROD_006,12,116.15,2026-02-02,cancelled
ORD_00342,CUST_0026,PROD_046,11,396.73,2025-11-03,pending
ORD_00343,CUST_0010,PROD_019,16,349.56,2025-05-03,pending
ORD_00344,CUST_0195,PROD_046,16,227.06,2025-06-14,completed
ORD_00345,CUST_0021,PROD_002,9,111.75,2025-06-27,pending
ORD_00346,CUST_0141,PROD_047,20,266.25,2026-01-08,completed
ORD_00347,CUST_0199,PROD_019,8,154.07,2026-03-20,completed
ORD_00348,CUST_0062,PROD_027,20,231.27,2026-04-09,completed
ORD_00349,CUST_0128,PROD_039,18,13.14,2025-10-21,pending
ORD_00350,CUST_0184,PROD_010,10,217.47,2026-04-22,cancelled
ORD_00351,CUST_0062,PROD_037,14,97.72,2025-09-05,completed
ORD_00352,CUST_0135,PROD_024,3,476.93,2025-10-19,completed
ORD_00353,CUST_0100,PROD_031,2,319.66,2025-10-24,cancelled
ORD_00354,CUST_0065,PROD_048,1,181.76,2025-10-30,completed
ORD_00355,CUST_0089,PROD_016,4,386.89,2026-01-20,cancelled
ORD_00356,CUST_0035,PROD_003,12,275.28,2025-08-07,pending
ORD_00357,CUST_0200,PROD_044,15,490.51,2025-10-27,refunded
ORD_00358,CUST_0162,PROD_012,5,36.23,2025-09-30,refunded
ORD_00359,CUST_0010,PROD_019,7,26.68,2025-05-19,pending
ORD_00360,CUST_0011,PROD_021,10,260.11,2025-10-07,refunded
ORD_00361,CUST_0065,PROD_003,7,146.62,2025-09-03,completed
ORD_00362,CUST_0168,PROD_022,9,66.62,2025-07-28,cancelled
ORD_00363,CUST_0112,PROD_026,15,447.85,2025-10-07,refunded
ORD_00364,CUST_0087,PROD_012,16,347.57,2025-06-07,cancelled
ORD_00365,CUST_0133,PROD_018,3,364.91,2025-09-13,completed
ORD_00366,CUST_0111,PROD_039,6,275.01,2026-04-23,cancelled
ORD_00367,CUST_0027,PROD_006,11,332.16,2025-07-14,cancelled
ORD_00368,CUST_0115,PROD_039,14,87.49,2025-08-29,refunded
ORD_00369,CUST_0090,PROD_029,2,364.77,2025-09-14,cancelled
ORD_00370,CUST_0158,PROD_028,9,321.54,2026-02-08,completed
ORD_00371,CUST_0020,PROD_043,13,184.84,2025-09-06,pending
ORD_00372,CUST_0008,PROD_010,20,340.65,2026-03-23,refunded
ORD_00373,CUST_0009,PROD_009,3,121.82,2025-07-07,cancelled
ORD_00374,CUST_0093,PROD_025,19,21.03,2025-08-31,pending
ORD_00375,CUST_0174,PROD_029,12,189.15,2025-12-22,completed
ORD_00376,CUST_0147,PROD_009,17,186.64,2025-07-03,cancelled
ORD_00377,CUST_0167,PROD_018,8,480.46,2025-08-05,completed
ORD_00378,CUST_0189,PROD_012,16,261.28,2025-10-22,completed
ORD_00379,CUST_0068,PROD_050,9,353.5,2026-03-23,pending
ORD_00380,CUST_0157,PROD_019,16,104.09,2026-02-17,pending
ORD_00381,CUST_0019,PROD_029,6,449.85,2025-11-02,refunded
ORD_00382,CUST_0023,PROD_044,11,335.58,2025-06-28,completed
ORD_00383,CUST_0141,PROD_035,10,446.21,2025-12-23,pending
ORD_00384,CUST_0183,PROD_046,6,397.88,2025-08-30,pending
ORD_00385,CUST_0032,PROD_013,5,122.18,2025-06-05,refunded
ORD_00386,CUST_0007,PROD_024,18,288.28,2025-07-14,refunded
ORD_00387,CUST_0142,PROD_009,20,442.7,2025-12-14,completed
ORD_00388,CUST_0080,PROD_026,16,265.22,2026-04-12,refunded
ORD_00389,CUST_0148,PROD_005,5,486.33,2025-09-26,completed
ORD_00390,CUST_0116,PROD_030,17,175.53,2025-06-01,pending
ORD_00391,CUST_0197,PROD_009,14,253.92,2025-11-03,completed
ORD_00392,CUST_0032,PROD_034,5,155.54,2025-10-16,pending
ORD_00393,CUST_0083,PROD_046,8,176.28,2025-05-21,cancelled
ORD_00394,CUST_0021,PROD_017,7,319.35,2025-11-09,cancelled
ORD_00395,CUST_0033,PROD_041,10,309.14,2025-12-20,completed
ORD_00396,CUST_0129,PROD_042,6,297.95,2025-07-20,pending
ORD_00397,CUST_0044,PROD_043,20,361.71,2025-08-04,cancelled
ORD_00398,CUST_0145,PROD_003,1,45.21,2025-10-22,cancelled
ORD_00399,CUST_0167,PROD_014,19,211.21,2026-04-08,completed
ORD_00400,CUST_0128,PROD_041,18,148.39,2025-11-21,cancelled
ORD_00401,CUST_0124,PROD_016,13,152.23,2025-11-25,completed
ORD_00402,CUST_0177,PROD_004,6,222.6,2025-05-09,refunded
ORD_00403,CUST_0119,PROD_014,11,305.3,2026-03-23,cancelled
ORD_00404,CUST_0184,PROD_021,12,487.81,2025-08-12,pending
ORD_00405,CUST_0195,PROD_024,17,283.02,2025-10-10,cancelled
ORD_00406,CUST_0062,PROD_030,4,137.4,2025-08-31,pending
ORD_00407,CUST_0037,PROD_007,2,148.65,2026-03-20,refunded
ORD_00408,CUST_0158,PROD_027,8,481.53,2026-01-21,pending
ORD_00409,CUST_0084,PROD_037,11,98.97,2025-09-03,pending
ORD_00410,CUST_0128,PROD_033,15,251.89,2025-06-13,cancelled
ORD_00411,CUST_0128,PROD_002,3,472.89,2025-12-11,refunded
ORD_00412,CUST_0062,PROD_014,19,179.68,2026-04-24,completed
ORD_00413,CUST_0073,PROD_032,20,441.76,2025-10-17,refunded
ORD_00414,CUST_0074,PROD_035,1,424.35,2025-07-21,refunded
ORD_00415,CUST_0035,PROD_017,12,383.11,2025-12-19,cancelled
ORD_00416,CUST_0012,PROD_026,2,287.29,2025-05-11,pending
ORD_00417,CUST_0093,PROD_036,10,41.4,2025-08-31,refunded
ORD_00418,CUST_0196,PROD_036,9,413.53,2025-05-27,completed
ORD_00419,CUST_0033,PROD_007,13,189.73,2025-08-27,cancelled
ORD_00420,CUST_0143,PROD_024,5,103.53,2025-11-02,refunded
ORD_00421,CUST_0129,PROD_003,2,24.26,2026-03-15,cancelled
ORD_00422,CUST_0122,PROD_034,15,78.73,2025-06-16,pending
ORD_00423,CUST_0084,PROD_040,11,85.44,2025-05-10,cancelled
ORD_00424,CUST_0152,PROD_022,17,415.0,2025-06-20,refunded
ORD_00425,CUST_0182,PROD_037,10,240.07,2025-05-12,completed
ORD_00426,CUST_0095,PROD_022,4,490.05,2025-06-22,cancelled
ORD_00427,CUST_0186,PROD_045,1,300.47,2025-11-22,cancelled
ORD_00428,CUST_0168,PROD_050,19,290.93,2025-06-25,completed
ORD_00429,CUST_0150,PROD_031,6,264.5,2025-12-04,refunded
ORD_00430,CUST_0038,PROD_044,8,20.63,2026-04-25,completed
ORD_00431,CUST_0049,PROD_002,15,160.28,2025-08-27,pending
ORD_00432,CUST_0106,PROD_045,7,208.14,2026-03-05,refunded
ORD_00433,CUST_0189,PROD_047,2,354.36,2025-09-01,pending
ORD_00434,CUST_0144,PROD_021,16,265.11,2025-09-02,cancelled
ORD_00435,CUST_0045,PROD_030,18,174.45,2025-11-17,cancelled
ORD_00436,CUST_0174,PROD_050,9,306.99,2026-04-05,pending
ORD_00437,CUST_0064,PROD_018,18,152.76,2025-12-09,cancelled
ORD_00438,CUST_0198,PROD_019,7,346.67,2026-03-03,refunded
ORD_00439,CUST_0082,PROD_031,12,282.44,2025-05-17,cancelled
ORD_00440,CUST_0074,PROD_008,19,339.93,2025-07-14,refunded
ORD_00441,CUST_0102,PROD_023,5,148.77,2026-02-27,cancelled
ORD_00442,CUST_0183,PROD_006,12,462.38,2025-11-15,cancelled
ORD_00443,CUST_0192,PROD_031,7,105.02,2026-04-02,cancelled
ORD_00444,CUST_0144,PROD_045,9,72.95,2025-10-02,pending
ORD_00445,CUST_0063,PROD_004,17,116.71,2025-07-25,pending
ORD_00446,CUST_0014,PROD_007,14,168.5,2025-10-26,refunded
ORD_00447,CUST_0026,PROD_044,5,7.56,2025-09-10,pending
ORD_00448,CUST_0105,PROD_042,16,241.34,2026-04-02,pending
ORD_00449,CUST_0194,PROD_019,11,146.28,2025-12-20,completed
ORD_00450,CUST_0197,PROD_006,19,119.95,2025-12-06,completed
ORD_00451,CUST_0045,PROD_027,6,467.29,2025-07-16,completed
ORD_00452,CUST_0102,PROD_032,6,468.62,2026-04-20,cancelled
ORD_00453,CUST_0010,PROD_001,10,286.14,2025-06-28,completed
ORD_00454,CUST_0086,PROD_019,15,494.6,2025-08-24,refunded
ORD_00455,CUST_0035,PROD_033,15,140.05,2026-04-20,completed
ORD_00456,CUST_0085,PROD_011,15,325.9,2025-06-11,pending
ORD_00457,CUST_0004,PROD_048,11,396.43,2026-03-05,pending
ORD_00458,CUST_0045,PROD_040,13,414.36,2025-08-27,cancelled
ORD_00459,CUST_0023,PROD_026,4,96.47,2025-12-21,pending
ORD_00460,CUST_0123,PROD_021,8,8.38,2026-01-02,refunded
ORD_00461,CUST_0061,PROD_029,9,477.25,2025-08-16,cancelled
ORD_00462,CUST_0150,PROD_047,19,10.66,2026-04-04,cancelled
ORD_00463,CUST_0178,PROD_016,2,335.55,2026-04-15,refunded
ORD_00464,CUST_0079,PROD_011,13,344.61,2025-05-09,cancelled
ORD_00465,CUST_0177,PROD_008,10,186.93,2026-04-27,pending
ORD_00466,CUST_0057,PROD_009,16,80.83,2025-10-14,cancelled
ORD_00467,CUST_0107,PROD_045,18,456.83,2025-09-06,pending
ORD_00468,CUST_0196,PROD_016,20,437.2,2026-01-10,completed
ORD_00469,CUST_0135,PROD_029,17,353.36,2025-08-02,completed
ORD_00470,CUST_0145,PROD_008,2,415.24,2025-05-08,pending
ORD_00471,CUST_0147,PROD_035,5,86.45,2025-08-22,refunded
ORD_00472,CUST_0030,PROD_044,7,359.87,2025-11-03,refunded
ORD_00473,CUST_0024,PROD_033,15,405.3,2025-06-12,refunded
ORD_00474,CUST_0034,PROD_033,14,231.12,2025-05-07,completed
ORD_00475,CUST_0144,PROD_030,10,363.02,2025-11-19,refunded
ORD_00476,CUST_0066,PROD_001,7,291.26,2026-05-02,completed
ORD_00477,CUST_0109,PROD_023,3,272.88,2025-08-27,completed
ORD_00478,CUST_0018,PROD_031,2,147.11,2025-05-15,pending
ORD_00479,CUST_0197,PROD_009,14,190.36,2026-03-10,refunded
ORD_00480,CUST_0115,PROD_025,13,44.72,2025-05-25,pending
ORD_00481,CUST_0168,PROD_023,4,93.34,2025-05-26,refunded
ORD_00482,CUST_0136,PROD_009,8,418.24,2025-12-29,completed
ORD_00483,CUST_0077,PROD_030,18,214.94,2025-07-20,refunded
ORD_00484,CUST_0059,PROD_016,15,176.35,2025-05-11,cancelled
ORD_00485,CUST_0049,PROD_047,4,20.95,2025-08-19,refunded
ORD_00486,CUST_0158,PROD_050,1,124.13,2025-07-05,completed
ORD_00487,CUST_0026,PROD_039,2,225.99,2026-02-03,completed
ORD_00488,CUST_0063,PROD_048,2,204.12,2025-08-24,pending
ORD_00489,CUST_0139,PROD_014,2,74.37,2026-01-09,cancelled
ORD_00490,CUST_0060,PROD_047,19,162.86,2025-12-29,cancelled
ORD_00491,CUST_0061,PROD_020,5,492.92,2025-11-30,pending
ORD_00492,CUST_0106,PROD_020,9,35.17,2025-11-06,pending
ORD_00493,CUST_0161,PROD_044,14,280.15,2025-12-12,completed
ORD_00494,CUST_0089,PROD_042,13,393.97,2025-10-07,cancelled
ORD_00495,CUST_0179,PROD_027,14,78.86,2026-04-19,refunded
ORD_00496,CUST_0048,PROD_049,18,239.39,2026-02-05,pending
ORD_00497,CUST_0077,PROD_046,5,403.86,2025-09-27,completed
ORD_00498,CUST_0144,PROD_027,14,280.86,2026-04-23,pending
ORD_00499,CUST_0100,PROD_016,9,105.65,2025-12-10,completed
ORD_00500,CUST_0116,PROD_024,3,270.14,2025-09-03,pending
ORD_00501,CUST_0014,PROD_018,13,338.47,2026-02-21,completed
ORD_00502,CUST_0019,PROD_013,19,363.53,2025-06-26,pending
ORD_00503,CUST_0123,PROD_014,11,155.08,2025-09-18,completed
ORD_00504,CUST_0055,PROD_013,4,374.71,2025-11-15,refunded
ORD_00505,CUST_0063,PROD_045,20,353.37,2025-09-21,refunded
ORD_00506,CUST_0062,PROD_036,11,388.88,2025-09-17,refunded
ORD_00507,CUST_0120,PROD_035,12,157.67,2025-09-04,cancelled
ORD_00508,CUST_0132,PROD_032,15,53.81,2025-11-03,refunded
ORD_00509,CUST_0195,PROD_021,7,188.5,2026-04-10,refunded
ORD_00510,CUST_0012,PROD_037,8,371.92,2026-04-12,completed
ORD_00511,CUST_0067,PROD_036,19,291.68,2025-06-17,refunded
ORD_00512,CUST_0076,PROD_010,7,168.28,2025-07-17,refunded
ORD_00513,CUST_0146,PROD_016,16,277.57,2025-09-20,cancelled
ORD_00514,CUST_0066,PROD_049,16,483.42,2025-06-22,refunded
ORD_00515,CUST_0118,PROD_011,12,88.79,2025-08-29,refunded
ORD_00516,CUST_0048,PROD_035,2,264.35,2026-02-15,completed
ORD_00517,CUST_0172,PROD_004,1,209.13,2026-01-13,pending
ORD_00518,CUST_0018,PROD_046,5,9.53,2025-11-18,refunded
ORD_00519,CUST_0096,PROD_004,20,320.68,2026-01-28,refunded
ORD_00520,CUST_0169,PROD_032,1,8.27,2025-12-08,refunded
ORD_00521,CUST_0004,PROD_002,17,362.49,2025-07-12,cancelled
ORD_00522,CUST_0005,PROD_033,14,404.05,2025-07-10,pending
ORD_00523,CUST_0028,PROD_007,17,78.7,2025-11-04,pending
ORD_00524,CUST_0159,PROD_034,9,408.53,2025-06-21,cancelled
ORD_00525,CUST_0102,PROD_006,12,479.85,2026-01-21,refunded
ORD_00526,CUST_0145,PROD_016,8,153.49,2025-06-08,completed
ORD_00527,CUST_0168,PROD_042,2,51.28,2025-05-18,refunded
ORD_00528,CUST_0097,PROD_036,16,32.78,2026-05-03,completed
ORD_00529,CUST_0180,PROD_011,3,252.43,2025-07-24,refunded
ORD_00530,CUST_0166,PROD_022,19,488.78,2025-05-04,completed
ORD_00531,CUST_0136,PROD_003,8,109.65,2026-03-10,refunded
ORD_00532,CUST_0070,PROD_003,3,343.79,2025-06-09,cancelled
ORD_00533,CUST_0140,PROD_037,2,93.78,2026-02-01,cancelled
ORD_00534,CUST_0005,PROD_014,19,76.37,2025-12-06,refunded
ORD_00535,CUST_0020,PROD_020,6,284.16,2025-06-21,refunded
ORD_00536,CUST_0174,PROD_035,11,195.0,2026-02-20,pending
ORD_00537,CUST_0177,PROD_047,3,252.89,2025-10-31,cancelled
ORD_00538,CUST_0014,PROD_007,14,119.91,2026-03-07,completed
ORD_00539,CUST_0088,PROD_039,20,477.65,2025-12-10,refunded
ORD_00540,CUST_0199,PROD_021,1,318.89,2025-10-13,refunded
ORD_00541,CUST_0126,PROD_015,12,278.75,2026-01-12,refunded
ORD_00542,CUST_0111,PROD_012,19,332.03,2025-11-06,completed
ORD_00543,CUST_0198,PROD_040,10,400.04,2025-09-24,completed
ORD_00544,CUST_0022,PROD_018,5,193.1,2025-05-18,pending
ORD_00545,CUST_0190,PROD_025,11,183.55,2025-06-10,completed
ORD_00546,CUST_0002,PROD_020,15,183.16,2026-03-28,cancelled
ORD_00547,CUST_0027,PROD_009,3,97.76,2026-04-20,refunded
ORD_00548,CUST_0143,PROD_036,17,206.98,2025-07-01,completed
ORD_00549,CUST_0023,PROD_023,18,51.07,2025-07-14,cancelled
ORD_00550,CUST_0099,PROD_001,10,209.84,2026-02-23,completed
ORD_00551,CUST_0186,PROD_036,8,288.12,2025-07-06,pending
ORD_00552,CUST_0176,PROD_025,6,73.73,2025-09-25,cancelled
ORD_00553,CUST_0069,PROD_032,5,36.32,2025-06-10,refunded
ORD_00554,CUST_0071,PROD_027,10,244.69,2026-04-24,completed
ORD_00555,CUST_0093,PROD_017,8,361.85,2026-03-25,refunded
ORD_00556,CUST_0153,PROD_040,7,231.64,2025-05-28,pending
ORD_00557,CUST_0078,PROD_001,13,169.45,2025-10-15,refunded
ORD_00558,CUST_0085,PROD_029,11,218.16,2025-05-04,pending
ORD_00559,CUST_0077,PROD_021,20,473.9,2025-11-30,pending
ORD_00560,CUST_0123,PROD_021,6,482.46,2026-02-27,cancelled
ORD_00561,CUST_0075,PROD_048,16,484.04,2025-05-21,pending
ORD_00562,CUST_0084,PROD_025,9,409.16,2026-04-28,refunded
ORD_00563,CUST_0094,PROD_008,19,103.9,2025-07-11,pending
ORD_00564,CUST_0175,PROD_050,18,18.32,2025-05-14,refunded
ORD_00565,CUST_0182,PROD_014,15,399.85,2026-03-10,completed
ORD_00566,CUST_0105,PROD_044,16,73.89,2025-05-22,cancelled
ORD_00567,CUST_0062,PROD_017,5,359.04,2025-08-08,refunded
ORD_00568,CUST_0019,PROD_029,20,242.22,2026-01-30,refunded
ORD_00569,CUST_0137,PROD_033,14,274.1,2026-01-28,cancelled
ORD_00570,CUST_0180,PROD_035,20,320.9,2025-07-03,completed
ORD_00571,CUST_0028,PROD_050,8,330.51,2025-07-24,cancelled
ORD_00572,CUST_0043,PROD_042,20,26.93,2025-05-14,refunded
ORD_00573,CUST_0193,PROD_022,14,57.44,2025-10-29,completed
ORD_00574,CUST_0067,PROD_015,17,374.69,2025-10-12,pending
ORD_00575,CUST_0115,PROD_024,13,234.22,2025-05-05,pending
ORD_00576,CUST_0089,PROD_002,16,56.75,2025-06-18,refunded
ORD_00577,CUST_0022,PROD_008,5,177.42,2025-06-17,cancelled
ORD_00578,CUST_0117,PROD_014,17,244.05,2025-08-20,refunded
ORD_00579,CUST_0025,PROD_029,15,162.86,2026-03-13,cancelled
ORD_00580,CUST_0012,PROD_046,4,16.18,2026-04-24,cancelled
ORD_00581,CUST_0166,PROD_007,6,465.31,2025-11-16,pending
ORD_00582,CUST_0133,PROD_012,18,84.27,2025-06-02,refunded
ORD_00583,CUST_0119,PROD_015,13,316.73,2025-05-10,pending
ORD_00584,CUST_0164,PROD_043,14,200.81,2025-08-24,pending
ORD_00585,CUST_0116,PROD_038,14,197.47,2025-10-17,pending
ORD_00586,CUST_0053,PROD_018,3,290.79,2026-01-12,pending
ORD_00587,CUST_0094,PROD_021,7,231.49,2026-04-19,cancelled
ORD_00588,CUST_0172,PROD_032,17,483.13,2025-07-11,cancelled
ORD_00589,CUST_0153,PROD_025,20,199.31,2026-04-06,completed
ORD_00590,CUST_0090,PROD_023,15,310.59,2026-01-18,cancelled
ORD_00591,CUST_0158,PROD_038,3,337.69,2026-01-28,cancelled
ORD_00592,CUST_0031,PROD_016,10,62.89,2026-01-11,cancelled
ORD_00593,CUST_0178,PROD_010,17,197.29,2025-05-03,pending
ORD_00594,CUST_0148,PROD_025,14,96.95,2025-06-29,pending
ORD_00595,CUST_0143,PROD_011,16,147.97,2026-04-08,pending
ORD_00596,CUST_0081,PROD_029,20,31.54,2025-07-15,cancelled
ORD_00597,CUST_0003,PROD_032,5,101.59,2025-06-19,refunded
ORD_00598,CUST_0144,PROD_033,16,207.52,2025-11-20,refunded
ORD_00599,CUST_0107,PROD_046,15,246.91,2026-03-04,completed
ORD_00600,CUST_0145,PROD_002,8,149.58,2026-03-27,cancelled
ORD_00601,CUST_0058,PROD_035,10,88.26,2026-03-21,refunded
ORD_00602,CUST_0145,PROD_048,16,277.11,2026-05-02,completed
ORD_00603,CUST_0147,PROD_008,9,388.68,2025-10-22,cancelled
ORD_00604,CUST_0139,PROD_049,2,381.2,2026-03-04,refunded
ORD_00605,CUST_0140,PROD_014,14,55.7,2026-04-01,pending
ORD_00606,CUST_0077,PROD_003,15,135.09,2025-09-01,completed
ORD_00607,CUST_0113,PROD_008,8,108.89,2025-06-18,cancelled
ORD_00608,CUST_0182,PROD_040,14,87.16,2026-01-07,pending
ORD_00609,CUST_0053,PROD_014,2,287.19,2025-07-23,cancelled
ORD_00610,CUST_0153,PROD_035,6,165.21,2026-04-03,cancelled
ORD_00611,CUST_0075,PROD_037,9,476.44,2026-03-02,completed
ORD_00612,CUST_0035,PROD_049,14,459.79,2025-06-11,cancelled
ORD_00613,CUST_0168,PROD_009,5,128.59,2025-06-01,cancelled
ORD_00614,CUST_0064,PROD_049,13,247.28,2026-03-08,cancelled
ORD_00615,CUST_0161,PROD_027,13,228.74,2026-03-28,completed
ORD_00616,CUST_0104,PROD_033,9,348.88,2025-11-20,cancelled
ORD_00617,CUST_0117,PROD_032,11,293.07,2025-11-21,completed
ORD_00618,CUST_0188,PROD_030,12,425.8,2026-01-20,refunded
ORD_00619,CUST_0056,PROD_028,7,249.88,2025-07-02,cancelled
ORD_00620,CUST_0073,PROD_022,18,291.08,2026-04-26,refunded
ORD_00621,CUST_0088,PROD_044,2,27.74,2025-06-12,refunded
ORD_00622,CUST_0005,PROD_008,6,223.44,2025-08-04,completed
ORD_00623,CUST_0110,PROD_013,5,441.66,2026-02-08,cancelled
ORD_00624,CUST_0041,PROD_018,3,329.02,2025-12-17,cancelled
ORD_00625,CUST_0022,PROD_024,6,30.63,2025-08-08,cancelled
ORD_00626,CUST_0186,PROD_045,8,217.47,2025-06-26,completed
ORD_00627,CUST_0181,PROD_007,1,110.64,2025-12-21,completed
ORD_00628,CUST_0034,PROD_038,8,262.12,2025-10-23,refunded
ORD_00629,CUST_0003,PROD_001,11,409.47,2025-06-30,refunded
ORD_00630,CUST_0178,PROD_009,16,40.06,2025-07-18,refunded
ORD_00631,CUST_0023,PROD_047,4,56.08,2025-11-19,cancelled
ORD_00632,CUST_0077,PROD_009,13,387.86,2025-08-31,pending
ORD_00633,CUST_0165,PROD_044,5,38.86,2026-02-28,completed
ORD_00634,CUST_0157,PROD_042,6,222.85,2025-12-31,pending
ORD_00635,CUST_0161,PROD_048,5,460.35,2025-09-25,refunded
ORD_00636,CUST_0056,PROD_006,4,74.31,2026-01-02,completed
ORD_00637,CUST_0151,PROD_047,13,179.01,2025-09-11,refunded
ORD_00638,CUST_0081,PROD_009,8,142.1,2026-02-03,completed
ORD_00639,CUST_0064,PROD_036,20,302.0,2025-06-05,cancelled
ORD_00640,CUST_0200,PROD_045,1,424.71,2026-04-08,cancelled
ORD_00641,CUST_0053,PROD_034,20,257.21,2025-06-05,refunded
ORD_00642,CUST_0076,PROD_042,2,392.98,2025-08-14,pending
ORD_00643,CUST_0127,PROD_025,4,124.34,2025-08-20,completed
ORD_00644,CUST_0136,PROD_001,12,467.29,2025-09-24,pending
ORD_00645,CUST_0100,PROD_037,14,185.88,2025-07-28,pending
ORD_00646,CUST_0196,PROD_031,3,13.26,2026-02-13,completed
ORD_00647,CUST_0004,PROD_017,7,24.71,2026-04-03,completed
ORD_00648,CUST_0102,PROD_033,10,316.14,2026-04-30,refunded
ORD_00649,CUST_0109,PROD_045,13,45.8,2026-02-03,pending
ORD_00650,CUST_0072,PROD_006,10,44.12,2025-10-30,pending
ORD_00651,CUST_0040,PROD_035,11,198.41,2025-12-03,completed
ORD_00652,CUST_0080,PROD_045,14,366.33,2026-01-29,pending
ORD_00653,CUST_0015,PROD_016,3,462.69,2026-01-31,completed
ORD_00654,CUST_0117,PROD_040,20,32.24,2025-12-03,pending
ORD_00655,CUST_0031,PROD_001,5,352.24,2025-12-13,pending
ORD_00656,CUST_0128,PROD_023,17,261.03,2026-02-16,cancelled
ORD_00657,CUST_0043,PROD_024,5,376.14,2026-03-21,cancelled
ORD_00658,CUST_0188,PROD_008,1,170.83,2025-09-01,refunded
ORD_00659,CUST_0070,PROD_034,3,135.16,2025-08-16,completed
ORD_00660,CUST_0128,PROD_030,17,183.26,2025-12-17,refunded
ORD_00661,CUST_0146,PROD_011,12,82.87,2025-11-08,completed
ORD_00662,CUST_0147,PROD_044,4,118.06,2026-05-01,completed
ORD_00663,CUST_0012,PROD_001,8,27.76,2026-03-25,cancelled
ORD_00664,CUST_0099,PROD_010,6,465.92,2025-09-01,completed
ORD_00665,CUST_0142,PROD_046,14,116.14,2026-03-20,pending
ORD_00666,CUST_0107,PROD_047,11,139.27,2026-01-16,completed
ORD_00667,CUST_0147,PROD_024,4,253.51,2025-11-24,completed
ORD_00668,CUST_0046,PROD_015,17,490.8,2025-09-15,refunded
ORD_00669,CUST_0018,PROD_030,10,387.9,2025-08-11,cancelled
ORD_00670,CUST_0084,PROD_006,18,231.09,2026-03-23,cancelled
ORD_00671,CUST_0052,PROD_019,19,393.33,2025-08-19,pending
ORD_00672,CUST_0119,PROD_024,19,486.07,2025-07-11,pending
ORD_00673,CUST_0188,PROD_035,8,79.53,2026-03-27,refunded
ORD_00674,CUST_0007,PROD_015,18,176.48,2025-07-01,completed
ORD_00675,CUST_0086,PROD_001,13,425.26,2025-05-10,cancelled
ORD_00676,CUST_0027,PROD_014,17,491.64,2025-09-03,refunded
ORD_00677,CUST_0126,PROD_004,5,357.27,2026-04-17,completed
ORD_00678,CUST_0012,PROD_015,17,209.46,2025-05-20,cancelled
ORD_00679,CUST_0118,PROD_048,3,292.48,2025-07-21,pending
ORD_00680,CUST_0164,PROD_026,3,297.99,2025-11-03,completed
ORD_00681,CUST_0112,PROD_043,5,122.2,2026-04-13,cancelled
ORD_00682,CUST_0081,PROD_026,11,162.44,2025-05-06,cancelled
ORD_00683,CUST_0060,PROD_005,7,72.38,2026-05-03,completed
ORD_00684,CUST_0040,PROD_007,6,227.54,2026-04-10,cancelled
ORD_00685,CUST_0105,PROD_008,18,182.35,2026-03-01,pending
ORD_00686,CUST_0116,PROD_020,15,136.18,2025-12-09,completed
ORD_00687,CUST_0024,PROD_011,10,414.06,2025-10-17,completed
ORD_00688,CUST_0056,PROD_021,5,50.15,2025-06-29,pending
ORD_00689,CUST_0092,PROD_026,17,29.23,2025-06-21,cancelled
ORD_00690,CUST_0067,PROD_012,1,476.29,2026-04-20,refunded
ORD_00691,CUST_0143,PROD_048,18,128.68,2025-12-05,refunded
ORD_00692,CUST_0027,PROD_009,4,10.92,2026-04-28,pending
ORD_00693,CUST_0034,PROD_013,13,189.26,2025-09-15,completed
ORD_00694,CUST_0150,PROD_038,9,459.13,2025-10-10,completed
ORD_00695,CUST_0006,PROD_005,7,451.74,2025-12-06,refunded
ORD_00696,CUST_0033,PROD_006,11,65.65,2025-08-22,refunded
ORD_00697,CUST_0013,PROD_011,19,219.41,2025-08-31,refunded
ORD_00698,CUST_0128,PROD_002,13,343.19,2025-09-05,pending
ORD_00699,CUST_0091,PROD_014,6,141.12,2025-11-09,refunded
ORD_00700,CUST_0039,PROD_003,20,311.49,2026-02-10,pending
ORD_00701,CUST_0166,PROD_019,16,208.94,2025-11-14,refunded
ORD_00702,CUST_0016,PROD_006,9,194.59,2026-03-17,refunded
ORD_00703,CUST_0052,PROD_042,17,128.33,2026-03-25,completed
ORD_00704,CUST_0098,PROD_046,12,242.44,2025-05-21,refunded
ORD_00705,CUST_0089,PROD_037,17,164.19,2025-10-08,cancelled
ORD_00706,CUST_0047,PROD_002,11,300.57,2026-04-27,completed
ORD_00707,CUST_0200,PROD_018,2,405.28,2026-01-12,refunded
ORD_00708,CUST_0136,PROD_023,19,499.8,2026-02-01,pending
ORD_00709,CUST_0026,PROD_016,8,136.93,2025-07-14,completed
ORD_00710,CUST_0196,PROD_015,19,424.02,2025-12-18,refunded
ORD_00711,CUST_0091,PROD_012,6,122.09,2026-03-29,cancelled
ORD_00712,CUST_0189,PROD_045,12,457.42,2026-04-19,completed
ORD_00713,CUST_0181,PROD_045,12,474.04,2025-10-16,pending
ORD_00714,CUST_0145,PROD_013,16,273.35,2026-05-01,pending
ORD_00715,CUST_0126,PROD_003,3,32.8,2025-09-18,pending
ORD_00716,CUST_0006,PROD_034,16,5.34,2025-05-27,pending
ORD_00717,CUST_0034,PROD_022,6,459.8,2025-07-18,cancelled
ORD_00718,CUST_0016,PROD_002,5,295.37,2025-07-12,pending
ORD_00719,CUST_0199,PROD_008,17,431.03,2026-01-18,completed
ORD_00720,CUST_0096,PROD_046,13,295.08,2025-05-05,cancelled
ORD_00721,CUST_0078,PROD_021,5,488.05,2026-03-30,refunded
ORD_00722,CUST_0164,PROD_032,11,91.23,2026-04-23,cancelled
ORD_00723,CUST_0058,PROD_043,19,408.15,2026-02-08,refunded
ORD_00724,CUST_0079,PROD_047,10,68.04,2026-03-04,completed
ORD_00725,CUST_0180,PROD_037,13,426.12,2025-10-18,completed
ORD_00726,CUST_0047,PROD_039,11,460.91,2025-11-08,pending
ORD_00727,CUST_0164,PROD_037,4,468.66,2025-06-14,pending
ORD_00728,CUST_0085,PROD_048,3,122.81,2025-07-07,cancelled
ORD_00729,CUST_0043,PROD_041,3,411.72,2025-11-27,cancelled
ORD_00730,CUST_0115,PROD_001,9,108.79,2026-01-23,completed
ORD_00731,CUST_0090,PROD_017,4,361.6,2025-08-15,completed
ORD_00732,CUST_0099,PROD_029,14,484.71,2026-01-02,refunded
ORD_00733,CUST_0127,PROD_025,12,275.28,2026-05-03,completed
ORD_00734,CUST_0123,PROD_037,8,85.51,2026-04-21,completed
ORD_00735,CUST_0009,PROD_019,1,162.76,2025-10-24,completed
ORD_00736,CUST_0019,PROD_022,6,444.53,2025-10-24,pending
ORD_00737,CUST_0188,PROD_005,18,471.21,2026-03-04,completed
ORD_00738,CUST_0087,PROD_039,20,447.15,2025-09-20,completed
ORD_00739,CUST_0111,PROD_042,6,305.62,2025-06-05,refunded
ORD_00740,CUST_0041,PROD_004,4,168.89,2026-04-05,pending
ORD_00741,CUST_0105,PROD_045,18,362.41,2025-09-16,cancelled
ORD_00742,CUST_0170,PROD_019,10,122.59,2025-05-17,completed
ORD_00743,CUST_0101,PROD_037,18,420.73,2025-09-23,pending
ORD_00744,CUST_0014,PROD_024,1,216.66,2025-07-19,cancelled
ORD_00745,CUST_0170,PROD_041,20,242.76,2025-11-21,completed
ORD_00746,CUST_0007,PROD_014,6,320.9,2025-10-22,completed
ORD_00747,CUST_0122,PROD_008,10,393.51,2026-02-07,refunded
ORD_00748,CUST_0126,PROD_043,9,50.11,2025-07-18,refunded
ORD_00749,CUST_0048,PROD_024,13,187.85,2025-10-26,refunded
ORD_00750,CUST_0012,PROD_017,15,235.2,2025-06-26,pending
ORD_00751,CUST_0069,PROD_037,2,79.81,2026-03-21,completed
ORD_00752,CUST_0022,PROD_043,12,405.05,2025-10-08,refunded
ORD_00753,CUST_0194,PROD_038,8,279.03,2026-04-23,refunded
ORD_00754,CUST_0134,PROD_027,18,345.1,2025-07-20,refunded
ORD_00755,CUST_0147,PROD_016,16,152.93,2026-04-01,refunded
ORD_00756,CUST_0183,PROD_003,17,287.75,2025-07-21,pending
ORD_00757,CUST_0031,PROD_049,15,90.58,2025-07-07,pending
ORD_00758,CUST_0055,PROD_013,5,26.12,2025-07-25,completed
ORD_00759,CUST_0175,PROD_028,7,498.65,2025-06-28,pending
ORD_00760,CUST_0153,PROD_017,11,455.85,2025-05-03,completed
ORD_00761,CUST_0023,PROD_025,18,201.69,2025-06-05,cancelled
ORD_00762,CUST_0071,PROD_034,15,459.0,2025-12-10,completed
ORD_00763,CUST_0180,PROD_040,19,263.67,2026-01-03,refunded
ORD_00764,CUST_0029,PROD_027,5,78.36,2026-02-03,completed
ORD_00765,CUST_0028,PROD_037,4,393.94,2025-11-12,cancelled
ORD_00766,CUST_0106,PROD_017,13,329.12,2026-02-17,refunded
ORD_00767,CUST_0010,PROD_012,9,204.47,2026-04-15,refunded
ORD_00768,CUST_0010,PROD_026,11,346.8,2026-04-05,completed
ORD_00769,CUST_0191,PROD_031,9,449.03,2026-01-06,completed
ORD_00770,CUST_0087,PROD_020,10,143.77,2025-10-26,refunded
ORD_00771,CUST_0179,PROD_044,4,486.39,2026-03-19,pending
ORD_00772,CUST_0035,PROD_020,15,388.15,2025-08-19,cancelled
ORD_00773,CUST_0069,PROD_047,14,304.46,2025-09-02,completed
ORD_00774,CUST_0049,PROD_029,7,457.15,2026-03-02,refunded
ORD_00775,CUST_0190,PROD_032,17,434.26,2026-03-07,completed
ORD_00776,CUST_0132,PROD_011,3,159.01,2025-11-22,refunded
ORD_00777,CUST_0035,PROD_050,17,440.27,2025-10-12,completed
ORD_00778,CUST_0045,PROD_013,7,419.3,2025-11-24,pending
ORD_00779,CUST_0009,PROD_030,2,459.43,2025-06-18,pending
ORD_00780,CUST_0071,PROD_024,15,255.04,2026-04-25,completed
ORD_00781,CUST_0175,PROD_002,8,189.37,2025-08-03,refunded
ORD_00782,CUST_0046,PROD_031,19,277.91,2025-11-03,cancelled
ORD_00783,CUST_0042,PROD_017,3,146.11,2026-01-29,refunded
ORD_00784,CUST_0013,PROD_011,19,391.02,2025-09-08,pending
ORD_00785,CUST_0057,PROD_042,8,340.46,2026-03-13,cancelled
ORD_00786,CUST_0167,PROD_027,17,14.93,2025-06-22,completed
ORD_00787,CUST_0122,PROD_009,6,302.57,2026-04-15,completed
ORD_00788,CUST_0058,PROD_017,20,403.52,2026-01-15,cancelled
ORD_00789,CUST_0183,PROD_046,9,214.78,2025-08-13,refunded
ORD_00790,CUST_0090,PROD_030,9,113.01,2025-12-30,cancelled
ORD_00791,CUST_0174,PROD_034,20,201.59,2026-03-14,completed
ORD_00792,CUST_0002,PROD_033,12,282.92,2026-02-13,cancelled
ORD_00793,CUST_0077,PROD_044,4,243.46,2025-09-01,cancelled
ORD_00794,CUST_0071,PROD_041,11,431.44,2026-01-29,cancelled
ORD_00795,CUST_0168,PROD_046,10,98.24,2026-04-09,pending
ORD_00796,CUST_0015,PROD_039,13,331.96,2025-11-21,pending
ORD_00797,CUST_0185,PROD_002,16,498.75,2026-03-25,cancelled
ORD_00798,CUST_0108,PROD_026,13,369.68,2026-03-18,pending
ORD_00799,CUST_0088,PROD_047,8,344.73,2025-10-11,refunded
ORD_00800,CUST_0172,PROD_023,17,153.6,2025-07-01,pending
ORD_00801,CUST_0169,PROD_036,6,150.42,2026-03-15,refunded
ORD_00802,CUST_0033,PROD_048,9,363.97,2025-05-31,pending
ORD_00803,CUST_0175,PROD_022,3,115.02,2025-08-17,pending
ORD_00804,CUST_0191,PROD_020,14,395.1,2026-02-15,cancelled
ORD_00805,CUST_0096,PROD_017,19,150.56,2026-01-03,completed
ORD_00806,CUST_0121,PROD_004,19,292.25,2025-05-09,completed
ORD_00807,CUST_0121,PROD_013,17,64.31,2025-10-08,refunded
ORD_00808,CUST_0136,PROD_020,14,31.76,2025-11-29,pending
ORD_00809,CUST_0036,PROD_013,11,207.55,2026-03-04,refunded
ORD_00810,CUST_0037,PROD_021,6,390.58,2025-09-20,refunded
ORD_00811,CUST_0086,PROD_041,6,160.14,2025-11-24,completed
ORD_00812,CUST_0002,PROD_029,9,108.64,2026-01-01,pending
ORD_00813,CUST_0148,PROD_049,6,247.34,2025-09-01,completed
ORD_00814,CUST_0034,PROD_040,14,318.58,2026-01-25,refunded
ORD_00815,CUST_0110,PROD_031,13,7.31,2025-06-13,pending
ORD_00816,CUST_0188,PROD_024,1,446.54,2026-03-20,pending
ORD_00817,CUST_0005,PROD_044,1,315.21,2026-04-24,pending
ORD_00818,CUST_0058,PROD_045,12,159.49,2026-03-29,completed
ORD_00819,CUST_0099,PROD_033,19,156.53,2025-09-29,completed
ORD_00820,CUST_0012,PROD_020,10,230.68,2025-08-04,cancelled
ORD_00821,CUST_0112,PROD_044,5,174.65,2025-06-07,refunded
ORD_00822,CUST_0092,PROD_049,7,86.62,2026-03-30,refunded
ORD_00823,CUST_0005,PROD_015,8,364.95,2025-10-14,pending
ORD_00824,CUST_0055,PROD_047,1,296.9,2026-03-24,pending
ORD_00825,CUST_0032,PROD_024,2,190.72,2025-09-12,cancelled
ORD_00826,CUST_0198,PROD_035,20,29.05,2025-11-11,completed
ORD_00827,CUST_0170,PROD_007,1,28.88,2026-01-12,completed
ORD_00828,CUST_0107,PROD_029,13,66.18,2025-11-07,cancelled
ORD_00829,CUST_0122,PROD_045,5,106.72,2025-11-24,completed
ORD_00830,CUST_0078,PROD_027,4,332.93,2025-08-16,cancelled
ORD_00831,CUST_0160,PROD_039,5,212.32,2025-06-28,completed
ORD_00832,CUST_0131,PROD_047,20,63.28,2025-09-12,completed
ORD_00833,CUST_0028,PROD_032,7,306.46,2025-12-17,cancelled
ORD_00834,CUST_0134,PROD_013,12,353.2,2025-05-10,cancelled
ORD_00835,CUST_0042,PROD_003,18,250.7,2026-03-25,pending
ORD_00836,CUST_0177,PROD_031,11,121.08,2025-06-04,completed
ORD_00837,CUST_0172,PROD_006,4,418.44,2025-12-19,refunded
ORD_00838,CUST_0039,PROD_006,17,42.15,2025-06-09,completed
ORD_00839,CUST_0066,PROD_042,8,231.09,2025-12-04,cancelled
ORD_00840,CUST_0068,PROD_030,2,54.41,2026-01-19,pending
ORD_00841,CUST_0011,PROD_019,12,401.79,2026-02-13,cancelled
ORD_00842,CUST_0110,PROD_048,4,52.02,2026-01-27,completed
ORD_00843,CUST_0003,PROD_009,6,167.69,2026-03-15,refunded
ORD_00844,CUST_0160,PROD_018,3,189.45,2025-06-09,cancelled
ORD_00845,CUST_0047,PROD_008,13,203.12,2025-10-17,refunded
ORD_00846,CUST_0070,PROD_025,16,400.95,2025-07-07,pending
ORD_00847,CUST_0029,PROD_009,2,490.88,2025-09-08,pending
ORD_00848,CUST_0027,PROD_027,19,243.92,2026-03-21,refunded
ORD_00849,CUST_0047,PROD_040,13,390.69,2025-12-01,completed
ORD_00850,CUST_0176,PROD_047,5,244.12,2025-06-07,refunded
ORD_00851,CUST_0029,PROD_027,15,27.76,2025-07-02,cancelled
ORD_00852,CUST_0168,PROD_021,1,353.76,2025-12-19,pending
ORD_00853,CUST_0172,PROD_022,17,263.94,2025-11-11,completed
ORD_00854,CUST_0111,PROD_043,8,243.56,2025-09-23,refunded
ORD_00855,CUST_0039,PROD_036,20,32.01,2025-08-06,pending
ORD_00856,CUST_0130,PROD_031,16,435.36,2026-02-21,completed
ORD_00857,CUST_0193,PROD_032,11,124.24,2025-12-26,cancelled
ORD_00858,CUST_0013,PROD_033,8,277.5,2025-09-14,refunded
ORD_00859,CUST_0104,PROD_016,3,232.25,2025-06-08,refunded
ORD_00860,CUST_0023,PROD_032,15,161.45,2025-12-19,refunded
ORD_00861,CUST_0191,PROD_042,1,55.81,2025-10-18,refunded
ORD_00862,CUST_0010,PROD_036,18,5.08,2025-10-25,completed
ORD_00863,CUST_0155,PROD_040,10,445.6,2026-01-06,pending
ORD_00864,CUST_0168,PROD_043,15,475.43,2025-12-09,cancelled
ORD_00865,CUST_0014,PROD_015,15,169.33,2025-08-01,refunded
ORD_00866,CUST_0184,PROD_043,12,359.38,2026-03-06,completed
ORD_00867,CUST_0025,PROD_049,8,6.09,2025-06-04,cancelled
ORD_00868,CUST_0163,PROD_019,18,263.38,2025-10-07,completed
ORD_00869,CUST_0012,PROD_011,16,74.52,2025-06-11,refunded
ORD_00870,CUST_0028,PROD_017,20,101.98,2025-08-09,completed
ORD_00871,CUST_0101,PROD_014,15,413.15,2025-11-08,pending
ORD_00872,CUST_0184,PROD_022,4,379.79,2025-10-05,completed
ORD_00873,CUST_0163,PROD_044,19,65.99,2025-11-22,refunded
ORD_00874,CUST_0118,PROD_043,19,478.31,2026-02-03,pending
ORD_00875,CUST_0128,PROD_001,17,369.43,2025-08-23,refunded
ORD_00876,CUST_0150,PROD_031,17,391.64,2026-01-19,pending
ORD_00877,CUST_0178,PROD_038,6,366.59,2025-11-26,pending
ORD_00878,CUST_0027,PROD_025,20,305.05,2026-01-02,cancelled
ORD_00879,CUST_0130,PROD_025,14,489.85,2025-05-29,pending
ORD_00880,CUST_0071,PROD_026,11,485.39,2026-04-13,refunded
ORD_00881,CUST_0035,PROD_009,14,303.25,2026-04-26,cancelled
ORD_00882,CUST_0180,PROD_036,11,357.38,2026-03-01,pending
ORD_00883,CUST_0052,PROD_014,20,358.62,2025-09-27,cancelled
ORD_00884,CUST_0173,PROD_009,6,254.43,2025-11-08,cancelled
ORD_00885,CUST_0182,PROD_008,12,283.33,2025-05-06,refunded
ORD_00886,CUST_0173,PROD_048,18,146.53,2025-11-04,refunded
ORD_00887,CUST_0004,PROD_034,4,17.51,2025-05-08,pending
ORD_00888,CUST_0014,PROD_043,2,103.95,2025-11-16,pending
ORD_00889,CUST_0074,PROD_044,9,77.48,2026-03-08,completed
ORD_00890,CUST_0177,PROD_019,7,378.03,2026-03-21,completed
ORD_00891,CUST_0092,PROD_029,4,309.97,2025-05-08,pending
ORD_00892,CUST_0191,PROD_042,18,197.5,2026-02-05,cancelled
ORD_00893,CUST_0178,PROD_043,2,463.61,2025-11-08,refunded
ORD_00894,CUST_0107,PROD_044,11,483.09,2026-04-08,completed
ORD_00895,CUST_0004,PROD_048,9,105.53,2026-01-13,refunded
ORD_00896,CUST_0058,PROD_041,12,378.78,2025-05-26,pending
ORD_00897,CUST_0199,PROD_047,7,150.62,2025-05-29,pending
ORD_00898,CUST_0175,PROD_005,6,481.43,2025-08-02,completed
ORD_00899,CUST_0097,PROD_003,14,143.16,2025-05-11,cancelled
ORD_00900,CUST_0034,PROD_011,19,423.78,2026-03-13,completed
ORD_00901,CUST_0085,PROD_030,5,24.77,2025-12-16,cancelled
ORD_00902,CUST_0153,PROD_004,20,422.35,2025-09-24,cancelled
ORD_00903,CUST_0126,PROD_037,18,182.25,2025-07-05,cancelled
ORD_00904,CUST_0135,PROD_015,6,262.7,2025-12-07,pending
ORD_00905,CUST_0107,PROD_035,18,204.69,2025-09-16,cancelled
ORD_00906,CUST_0057,PROD_014,11,168.88,2025-09-28,cancelled
ORD_00907,CUST_0056,PROD_049,20,267.6,2025-09-13,completed
ORD_00908,CUST_0030,PROD_043,12,225.61,2025-11-18,pending
ORD_00909,CUST_0011,PROD_044,11,193.78,2025-06-30,completed
ORD_00910,CUST_0099,PROD_017,18,363.37,2025-12-21,completed
ORD_00911,CUST_0133,PROD_050,12,259.58,2025-10-15,refunded
ORD_00912,CUST_0125,PROD_003,10,449.65,2025-07-30,pending
ORD_00913,CUST_0083,PROD_033,3,474.36,2025-11-26,pending
ORD_00914,CUST_0198,PROD_035,18,8.63,2025-11-16,completed
ORD_00915,CUST_0054,PROD_043,7,433.15,2025-07-29,refunded
ORD_00916,CUST_0027,PROD_014,18,415.23,2025-10-16,refunded
ORD_00917,CUST_0166,PROD_005,5,16.76,2025-11-24,cancelled
ORD_00918,CUST_0010,PROD_006,3,31.86,2025-08-18,cancelled
ORD_00919,CUST_0143,PROD_005,19,411.7,2025-08-23,cancelled
ORD_00920,CUST_0105,PROD_025,15,316.96,2026-02-08,refunded
ORD_00921,CUST_0081,PROD_002,13,338.28,2025-10-31,completed
ORD_00922,CUST_0165,PROD_047,20,36.3,2025-05-17,completed
ORD_00923,CUST_0180,PROD_005,12,464.38,2025-05-22,completed
ORD_00924,CUST_0075,PROD_044,10,305.25,2025-07-11,cancelled
ORD_00925,CUST_0196,PROD_029,13,200.58,2025-09-24,completed
ORD_00926,CUST_0122,PROD_011,18,113.83,2026-01-11,refunded
ORD_00927,CUST_0140,PROD_019,5,152.54,2026-03-27,cancelled
ORD_00928,CUST_0003,PROD_036,18,74.98,2025-08-07,completed
ORD_00929,CUST_0002,PROD_037,20,200.07,2025-06-17,completed
ORD_00930,CUST_0079,PROD_014,12,109.81,2025-07-11,pending
ORD_00931,CUST_0042,PROD_012,8,310.36,2026-01-15,cancelled
ORD_00932,CUST_0050,PROD_008,6,337.13,2025-11-22,completed
ORD_00933,CUST_0193,PROD_036,15,324.11,2025-12-27,completed
ORD_00934,CUST_0075,PROD_043,3,129.09,2025-09-26,pending
ORD_00935,CUST_0186,PROD_038,16,476.01,2025-06-12,cancelled
ORD_00936,CUST_0033,PROD_043,8,54.52,2026-02-06,completed
ORD_00937,CUST_0050,PROD_021,16,228.07,2025-05-13,cancelled
ORD_00938,CUST_0178,PROD_038,5,284.95,2025-12-28,cancelled
ORD_00939,CUST_0081,PROD_028,6,7.39,2025-09-13,pending
ORD_00940,CUST_0057,PROD_046,14,141.96,2025-05-07,cancelled
ORD_00941,CUST_0035,PROD_044,11,439.55,2026-01-28,refunded
ORD_00942,CUST_0115,PROD_023,10,246.05,2025-05-27,completed
ORD_00943,CUST_0045,PROD_042,20,45.58,2025-10-24,cancelled
ORD_00944,CUST_0036,PROD_035,7,135.3,2025-08-17,completed
ORD_00945,CUST_0187,PROD_005,1,425.55,2025-07-20,completed
ORD_00946,CUST_0149,PROD_038,13,385.75,2025-10-03,pending
ORD_00947,CUST_0010,PROD_036,9,274.02,2025-07-13,refunded
ORD_00948,CUST_0168,PROD_050,5,186.08,2025-10-08,pending
ORD_00949,CUST_0198,PROD_038,10,71.27,2025-06-26,completed
ORD_00950,CUST_0102,PROD_024,17,10.24,2025-12-28,pending
ORD_00951,CUST_0158,PROD_044,6,379.82,2026-01-18,pending
ORD_00952,CUST_0115,PROD_011,6,285.35,2026-02-21,pending
ORD_00953,CUST_0189,PROD_047,16,469.89,2026-02-01,completed
ORD_00954,CUST_0057,PROD_049,16,119.72,2026-01-28,cancelled
ORD_00955,CUST_0095,PROD_015,2,335.95,2025-07-05,cancelled
ORD_00956,CUST_0100,PROD_031,15,441.37,2026-04-13,completed
ORD_00957,CUST_0167,PROD_021,4,353.35,2026-01-21,cancelled
ORD_00958,CUST_0190,PROD_017,19,274.45,2025-09-13,pending
ORD_00959,CUST_0097,PROD_042,13,185.82,2025-09-06,completed
ORD_00960,CUST_0133,PROD_017,13,486.47,2026-03-17,pending
ORD_00961,CUST_0133,PROD_026,12,409.53,2026-02-06,cancelled
ORD_00962,CUST_0125,PROD_031,20,8.27,2026-01-10,pending
ORD_00963,CUST_0113,PROD_011,8,43.16,2025-09-01,cancelled
ORD_00964,CUST_0055,PROD_010,6,82.89,2025-10-25,completed
ORD_00965,CUST_0170,PROD_015,14,406.53,2025-08-12,completed
ORD_00966,CUST_0124,PROD_044,16,242.12,2025-09-01,pending
ORD_00967,CUST_0166,PROD_027,1,125.62,2025-10-09,pending
ORD_00968,CUST_0147,PROD_038,6,71.69,2026-04-21,completed
ORD_00969,CUST_0147,PROD_010,2,87.34,2026-03-06,pending
ORD_00970,CUST_0133,PROD_026,20,484.78,2026-03-12,completed
ORD_00971,CUST_0185,PROD_047,10,473.89,2026-01-02,pending
ORD_00972,CUST_0115,PROD_039,16,434.31,2026-04-21,pending
ORD_00973,CUST_0057,PROD_027,20,75.64,2025-12-26,pending
ORD_00974,CUST_0160,PROD_043,17,135.94,2026-02-01,cancelled
ORD_00975,CUST_0117,PROD_039,19,39.08,2026-01-03,refunded
ORD_00976,CUST_0099,PROD_009,4,13.2,2026-01-31,refunded
ORD_00977,CUST_0039,PROD_039,4,92.82,2025-07-09,completed
ORD_00978,CUST_0137,PROD_033,4,51.13,2026-02-08,pending
ORD_00979,CUST_0155,PROD_035,1,449.0,2025-07-16,refunded
ORD_00980,CUST_0134,PROD_027,12,438.04,2025-08-16,refunded
ORD_00981,CUST_0059,PROD_031,13,178.51,2025-11-27,completed
ORD_00982,CUST_0109,PROD_009,9,241.18,2025-06-07,pending
ORD_00983,CUST_0022,PROD_019,20,439.0,2025-12-26,refunded
ORD_00984,CUST_0066,PROD_013,1,356.03,2026-03-20,completed
ORD_00985,CUST_0148,PROD_034,4,262.28,2026-03-16,refunded
ORD_00986,CUST_0168,PROD_014,11,207.38,2026-02-10,completed
ORD_00987,CUST_0040,PROD_028,19,130.55,2025-12-24,refunded
ORD_00988,CUST_0145,PROD_024,20,141.4,2025-06-11,refunded
ORD_00989,CUST_0194,PROD_014,14,278.29,2025-09-15,refunded
ORD_00990,CUST_0046,PROD_024,18,279.68,2025-05-31,cancelled
ORD_00991,CUST_0079,PROD_037,12,388.23,2025-05-25,refunded
ORD_00992,CUST_0189,PROD_009,4,375.17,2025-06-27,refunded
ORD_00993,CUST_0180,PROD_011,4,111.16,2025-12-20,refunded
ORD_00994,CUST_0087,PROD_036,20,350.04,2026-02-19,completed
ORD_00995,CUST_0042,PROD_025,1,403.16,2025-06-19,pending
ORD_00996,CUST_0121,PROD_039,14,48.63,2025-06-23,cancelled
ORD_00997,CUST_0057,PROD_024,3,306.47,2025-07-23,refunded
ORD_00998,CUST_0103,PROD_040,17,146.8,2025-12-12,completed
ORD_00999,CUST_0199,PROD_012,16,222.29,2025-07-02,pending
ORD_01000,CUST_0169,PROD_034,10,101.4,2025-05-26,pending
